src_idx,tgt_idx,true_label,baseline_P,P_after_multi5,delta_multi5
482,3155,7,0.029891638085246086,0.5568468570709229,0.526955246925354
