src_idx,tgt_idx,true_label,baseline_P,P_after_multi5,delta_multi5
418,130,4,0.033257223665714264,0.1907726228237152,0.15751540660858154
