src_idx,tgt_idx,true_label,baseline_P,P_after_multi5,delta_multi5
2102,2014,5,0.06250226497650146,0.28958776593208313,0.22708550095558167
