src_idx,tgt_idx,true_label,baseline_P,P_after_multi5,delta_multi5
58,44,2,0.10724551230669022,0.7241758704185486,0.616930365562439
