src_idx,tgt_idx,true_label,baseline_P,P_after_multi5,delta_multi5
144,127,3,0.37516751885414124,0.9575168490409851,0.5823493003845215
