src_idx,tgt_idx,true_label,baseline_P,P_after_multi5,delta_multi5
6,3368,4,0.006654955446720123,0.006654955446720123,0.0
