src_idx,tgt_idx,true_label,baseline_P,P_after_multi5,delta_multi5
12,1243,2,0.41577839851379395,0.806670606136322,0.3908922076225281
