src_idx,tgt_idx,true_label,baseline_P,P_after_multi5,delta_multi5
2844,1067,3,0.06668711453676224,0.3155589997768402,0.24887189269065857
