src_idx,tgt_idx,true_label,baseline_P,P_after_multi5,delta_multi5
3,2885,9,1.2145970686106011e-05,1.2145982509537134e-05,1.1823431123048067e-11
