src_idx,tgt_idx,true_label,baseline_P,P_after_multi5,delta_multi5
7,3489,7,0.002537650056183338,0.002537650056183338,0.0
