src_idx,tgt_idx,true_label,baseline_P,P_after_multi5,delta_multi5
11,1949,0,0.33275365829467773,0.6296284794807434,0.2968748211860657
