src_idx,tgt_idx,true_label,baseline_P,P_after_multi5,delta_multi5
482,534,7,0.010414556600153446,0.0104145472869277,-9.313225746154785e-09
