src_idx,tgt_idx,true_label,baseline_P,P_after_multi5,delta_multi5
6,3276,4,0.0024276378098875284,0.002427638042718172,2.3283064365386963e-10
