src_idx,tgt_idx,true_label,baseline_P,P_after_multi5,delta_multi5
162,170,4,0.03481879457831383,0.9591988325119019,0.9243800640106201
