src_idx,tgt_idx,true_label,baseline_P,P_after_multi5,delta_multi5
1516,243,9,0.0078146792948246,0.007814677432179451,-1.862645149230957e-09
