src_idx,tgt_idx,true_label,baseline_P,P_after_multi5,delta_multi5
2763,1243,2,0.41577839851379395,0.8479660153388977,0.43218761682510376
