src_idx,tgt_idx,true_label,baseline_P,P_after_multi5,delta_multi5
418,603,4,0.009654739871621132,0.009654741734266281,1.862645149230957e-09
