src_idx,tgt_idx,true_label,baseline_P,P_after_multi5,delta_multi5
5,1123,1,0.00016715396486688405,0.00016715396486688405,0.0
