src_idx,tgt_idx,true_label,baseline_P,P_after_multi5,delta_multi5
58,46,2,0.08767388015985489,0.5328264236450195,0.44515255093574524
