src_idx,tgt_idx,true_label,baseline_P,P_after_multi5,delta_multi5
3,2175,9,2.3432083253283054e-05,2.3432059606420808e-05,-2.3646862246096134e-11
