src_idx,tgt_idx,true_label,baseline_P,P_after_multi5,delta_multi5
2102,3048,5,0.06871107220649719,0.49290215969085693,0.42419108748435974
