src_idx,tgt_idx,true_label,baseline_P,P_after_multi5,delta_multi5
2102,411,5,0.03328641131520271,0.1964637041091919,0.16317729651927948
