src_idx,tgt_idx,true_label,baseline_P,P_after_multi5,delta_multi5
58,36,2,0.006203958299010992,0.4835359752178192,0.4773320257663727
