src_idx,tgt_idx,true_label,baseline_P,P_after_multi5,delta_multi5
3225,1317,0,0.26769962906837463,0.5521097779273987,0.28441014885902405
