src_idx,tgt_idx,true_label,baseline_P,P_after_multi5,delta_multi5
16,2628,3,0.047723669558763504,0.17128318548202515,0.12355951964855194
