src_idx,tgt_idx,true_label,baseline_P,P_after_multi5,delta_multi5
0,1,1,0.408084899187088,0.9575936198234558,0.5495086908340454
