src_idx,tgt_idx,true_label,baseline_P,P_after_multi5,delta_multi5
7,1304,7,0.009312380105257034,0.009312380105257034,0.0
