src_idx,tgt_idx,true_label,baseline_P,P_after_multi5,delta_multi5
3225,529,0,0.18692488968372345,0.4737023115158081,0.28677743673324585
