src_idx,tgt_idx,true_label,baseline_P,P_after_multi5,delta_multi5
16,167,3,0.2051188200712204,0.5099197626113892,0.30480092763900757
