src_idx,tgt_idx,true_label,baseline_P,P_after_multi5,delta_multi5
144,114,3,0.18497814238071442,0.7868622541427612,0.601884126663208
