src_idx,tgt_idx,true_label,baseline_P,P_after_multi5,delta_multi5
66,127,3,0.37516751885414124,0.8901327252388,0.5149651765823364
