src_idx,tgt_idx,true_label,baseline_P,P_after_multi5,delta_multi5
3225,1904,0,0.35540831089019775,0.6158420443534851,0.26043373346328735
