src_idx,tgt_idx,true_label,baseline_P,P_after_multi5,delta_multi5
1888,1640,1,0.03597855940461159,0.1726405769586563,0.13666202127933502
