src_idx,tgt_idx,true_label,baseline_P,P_after_multi5,delta_multi5
2102,3254,5,0.02480282634496689,0.1597103774547577,0.1349075436592102
