src_idx,tgt_idx,true_label,baseline_P,P_after_multi5,delta_multi5
3225,2905,0,0.23117083311080933,0.5338476896286011,0.30267685651779175
