src_idx,tgt_idx,true_label,baseline_P,P_after_multi5,delta_multi5
2844,167,3,0.2051188200712204,0.532120943069458,0.3270021080970764
