src_idx,tgt_idx,true_label,baseline_P,P_after_multi5,delta_multi5
2844,41,3,0.00015421451826114208,0.00015421451826114208,0.0
