src_idx,tgt_idx,true_label,baseline_P,P_after_multi5,delta_multi5
32,31,2,0.11360419541597366,0.8479431867599487,0.7343389987945557
