src_idx,tgt_idx,true_label,baseline_P,P_after_multi5,delta_multi5
14,3254,5,0.02480282634496689,0.024802863597869873,3.725290298461914e-08
