src_idx,tgt_idx,true_label,baseline_P,P_after_multi5,delta_multi5
58,31,2,0.11360419541597366,0.835333526134491,0.7217293381690979
