src_idx,tgt_idx,true_label,baseline_P,P_after_multi5,delta_multi5
2844,2628,3,0.047723669558763504,0.19125357270240784,0.14352990686893463
