src_idx,tgt_idx,true_label,baseline_P,P_after_multi5,delta_multi5
5,1,1,0.408084899187088,0.8606913685798645,0.4526064693927765
