src_idx,tgt_idx,true_label,baseline_P,P_after_multi5,delta_multi5
32,44,2,0.10724551230669022,0.7636188864707947,0.6563733816146851
