src_idx,tgt_idx,true_label,baseline_P,P_after_multi5,delta_multi5
2763,2214,2,0.14946551620960236,0.7435801029205322,0.5941146016120911
