src_idx,tgt_idx,true_label,baseline_P,P_after_multi5,delta_multi5
11,1904,0,0.35540831089019775,0.6344166398048401,0.27900832891464233
