src_idx,tgt_idx,true_label,baseline_P,P_after_multi5,delta_multi5
5,945,1,0.0009294577175751328,0.0009294595220126212,1.8044374883174896e-09
