src_idx,tgt_idx,true_label,baseline_P,P_after_multi5,delta_multi5
11,2905,0,0.23117083311080933,0.5155043601989746,0.2843335270881653
