src_idx,tgt_idx,true_label,baseline_P,P_after_multi5,delta_multi5
3225,1949,0,0.33275365829467773,0.6229480504989624,0.29019439220428467
