src_idx,tgt_idx,true_label,baseline_P,P_after_multi5,delta_multi5
1516,3351,9,0.0005930805345997214,0.0005930809420533478,4.0745362639427185e-10
